{"shape3D":{"dbId":1,"internalName":"Scene:Scene","element3Ds":[{"id":"Plane","vertexContainers":[{"key":"1-Plane-Material_001-material","materialId":"Material_001-material","materialName":"Material_001","verticesCount":60,"shapeTransform":{"staticMatrix":{"numbers":[[1.0,0.0,0.0,0.0],[0.0,1.0,0.0,0.0],[0.0,0.0,1.0,0.4858012],[0.0,0.0,0.0,1.0]]},"translateX":0.0,"translateY":0.0,"translateZ":0.0,"rotateX":0.0,"rotateY":0.0,"rotateZ":0.0,"scaleX":0.0,"scaleY":0.0,"scaleZ":0.0},"specular":{"r":0.5,"g":0.5,"b":0.5,"a":1.0},"emission":{"r":0.0,"g":0.0,"b":0.0,"a":1.0},"characterRepresenting":false}]}]},"vertexContainerBuffer":[{"key":"1-Plane-Material_001-material","vertexData":[0.5,9.64329E-4,0.4999991,-0.5,-9.64329E-4,-0.4999991,0.5,-9.64269E-4,-0.4999991,7.1253E-4,0.4999995,-0.5,-7.1253E-4,-0.4999995,0.5,-4.49345E-4,-0.4999998,-0.5,-0.5,0.0,0.0,0.0,9.64299E-4,0.4999991,0.0,0.0,0.0,-0.5,-9.64329E-4,-0.4999991,0.0,0.0,0.0,0.0,-9.64299E-4,-0.4999991,0.0,-9.64299E-4,-0.4999991,0.5,0.0,0.0,0.5,-9.64269E-4,-0.4999991,0.0,0.0,0.0,0.5,9.64329E-4,0.4999991,0.5,0.0,0.0,-1.31592E-4,1.49012E-7,0.5,5.80938E-4,0.4999997,0.0,0.0,0.0,0.0,0.0,0.0,0.0,7.1253E-4,0.4999995,-0.5,1.31592E-4,-1.49012E-7,-0.5,-5.80938E-4,-0.4999997,0.0,1.31592E-4,-1.49012E-7,-0.5,-4.49345E-4,-0.4999998,-0.5,-7.1253E-4,-0.4999995,0.5,0.0,0.0,0.0,-5.80938E-4,-0.4999997,0.0,0.5,9.64329E-4,0.4999991,-0.5,9.64269E-4,0.4999991,-0.5,-9.64329E-4,-0.4999991,7.1253E-4,0.4999995,-0.5,4.49345E-4,0.4999998,0.5,-7.1253E-4,-0.4999995,0.5,-0.5,0.0,0.0,-0.5,9.64269E-4,0.4999991,0.0,9.64299E-4,0.4999991,-0.5,-9.64329E-4,-0.4999991,-0.5,0.0,0.0,0.0,0.0,0.0,0.0,-9.64299E-4,-0.4999991,0.0,0.0,0.0,0.5,0.0,0.0,0.0,0.0,0.0,0.0,9.64299E-4,0.4999991,0.5,9.64329E-4,0.4999991,-1.31592E-4,1.49012E-7,0.5,4.49345E-4,0.4999998,0.5,5.80938E-4,0.4999997,0.0,0.0,0.0,0.0,5.80938E-4,0.4999997,0.0,7.1253E-4,0.4999995,-0.5,-5.80938E-4,-0.4999997,0.0,0.0,0.0,0.0,1.31592E-4,-1.49012E-7,-0.5,-7.1253E-4,-0.4999995,0.5,-1.31592E-4,1.49012E-7,0.5,0.0,0.0,0.0],"normData":[0.0,-0.9999982,0.001928567,0.0,-0.9999982,0.001928567,0.0,-0.9999982,0.001928567,0.9999993,-0.001161873,2.63184E-4,0.9999993,-0.001161873,2.63184E-4,0.9999993,-0.001161873,2.63184E-4,0.0,0.9999982,-0.001928567,0.0,0.9999982,-0.001928567,0.0,0.9999982,-0.001928567,0.0,0.9999982,-0.001928567,0.0,0.9999982,-0.001928567,0.0,0.9999982,-0.001928567,0.0,0.9999982,-0.001928567,0.0,0.9999982,-0.001928567,0.0,0.9999982,-0.001928567,0.0,0.9999982,-0.001928567,0.0,0.9999982,-0.001928567,0.0,0.9999982,-0.001928567,-0.9999994,0.001161873,-2.63184E-4,-0.9999994,0.001161873,-2.63184E-4,-0.9999994,0.001161873,-2.63184E-4,-0.9999994,0.001161873,-2.63185E-4,-0.9999994,0.001161873,-2.63185E-4,-0.9999994,0.001161873,-2.63185E-4,-0.9999993,0.001161873,-2.63185E-4,-0.9999993,0.001161873,-2.63185E-4,-0.9999993,0.001161873,-2.63185E-4,-0.9999993,0.001161873,-2.63185E-4,-0.9999993,0.001161873,-2.63185E-4,-0.9999993,0.001161873,-2.63185E-4,0.0,-0.9999982,0.001928567,0.0,-0.9999982,0.001928567,0.0,-0.9999982,0.001928567,0.9999993,-0.001161873,2.63184E-4,0.9999993,-0.001161873,2.63184E-4,0.9999993,-0.001161873,2.63184E-4,0.0,0.9999982,-0.001928567,0.0,0.9999982,-0.001928567,0.0,0.9999982,-0.001928567,0.0,0.9999982,-0.001928567,0.0,0.9999982,-0.001928567,0.0,0.9999982,-0.001928567,0.0,0.9999982,-0.001928567,0.0,0.9999982,-0.001928567,0.0,0.9999982,-0.001928567,0.0,0.9999982,-0.001928567,0.0,0.9999982,-0.001928567,0.0,0.9999982,-0.001928567,-0.9999993,0.001161873,-2.63185E-4,-0.9999993,0.001161873,-2.63185E-4,-0.9999993,0.001161873,-2.63185E-4,-0.9999993,0.001161873,-2.63185E-4,-0.9999993,0.001161873,-2.63185E-4,-0.9999993,0.001161873,-2.63185E-4,-0.9999994,0.001161873,-2.63184E-4,-0.9999994,0.001161873,-2.63184E-4,-0.9999994,0.001161873,-2.63184E-4,-0.9999994,0.001161873,-2.63184E-4,-0.9999994,0.001161873,-2.63184E-4,-0.9999994,0.001161873,-2.63184E-4],"textureCoordinate":[9.998E-5,0.9999001,0.9999001,9.998E-5,1.0004E-4,9.998E-5,0.9999001,9.998E-5,9.998E-5,0.9999001,1.0004E-4,9.998E-5,0.9999001,0.5,0.5,0.9999001,0.5,0.5,0.9999001,9.998E-5,0.5,0.5,0.5000001,9.998E-5,0.5000001,9.998E-5,1.0001E-4,0.5,1.0004E-4,9.998E-5,0.5,0.5,9.998E-5,0.9999001,1.0001E-4,0.5,0.5,0.9999001,0.9999001,0.5,0.5,0.5,0.5,0.5,0.9999001,9.998E-5,0.5000001,9.998E-5,1.0001E-4,0.5,0.5000001,9.998E-5,1.0004E-4,9.998E-5,9.998E-5,0.9999001,0.5,0.5,1.0001E-4,0.5,9.998E-5,0.9999001,0.9999001,0.9999001,0.9999001,9.998E-5,0.9999001,9.998E-5,0.9999001,0.9999001,9.998E-5,0.9999001,0.9999001,0.5,0.9999001,0.9999001,0.5,0.9999001,0.9999001,9.998E-5,0.9999001,0.5,0.5,0.5,0.5000001,9.998E-5,0.5,0.5,1.0001E-4,0.5,0.5,0.5,0.5,0.9999001,9.998E-5,0.9999001,0.5,0.9999001,0.9999001,0.9999001,0.9999001,0.5,0.5,0.5,0.9999001,0.5,0.9999001,9.998E-5,1.0001E-4,0.5,0.5,0.5,0.5000001,9.998E-5,9.998E-5,0.9999001,0.5,0.9999001,0.5,0.5]}]}