{"shape3D":{"dbId":1,"internalName":"Scene:Scene","element3Ds":[{"id":"Plane","vertexContainers":[{"key":"1-Plane-Material_001-material","materialId":"Material_001-material","materialName":"Material_001","verticesCount":18,"shapeTransform":{"staticMatrix":{"numbers":[[-4.37114E-8,-1.0,0.0,0.0],[1.0,-4.37114E-8,0.0,0.0],[0.0,0.0,1.0,0.7785401],[0.0,0.0,0.0,1.0]]},"translateX":0.0,"translateY":0.0,"translateZ":0.0,"rotateX":0.0,"rotateY":0.0,"rotateZ":0.0,"scaleX":0.0,"scaleY":0.0,"scaleZ":0.0},"specular":{"r":0.3208333,"g":0.3208333,"b":0.3208333,"a":1.0},"emission":{"r":0.0,"g":0.0,"b":0.0,"a":1.0},"characterRepresenting":false}]}]},"vertexContainerBuffer":[{"key":"1-Plane-Material_001-material","vertexData":[0.3873362,-0.3871754,0.7743514,0.1079432,0.3871755,0.0,0.1070435,-0.3871754,0.0,0.1070435,-0.3871754,0.0,6.53647E-4,0.3871752,-0.7743514,-2.46053E-4,-0.3871757,-0.7743514,0.8504745,-0.3871753,1.472032,0.3882359,0.3871755,0.7743514,0.3873362,-0.3871754,0.7743514,0.3873362,-0.3871754,0.7743514,0.3882359,0.3871755,0.7743514,0.1079432,0.3871755,0.0,0.1070435,-0.3871754,0.0,0.1079432,0.3871755,0.0,6.53647E-4,0.3871752,-0.7743514,0.8504745,-0.3871753,1.472032,0.8513427,0.3871755,1.471796,0.3882359,0.3871755,0.7743514],"normData":[-0.893086,0.00100708,0.4498849,-0.9707421,0.001098632,0.2401219,-0.9707493,0.001098632,0.2400932,-0.9707493,0.001098632,0.2400932,-0.9905365,0.001129209,0.1372455,-0.9905365,0.001129209,0.1372455,-0.8331142,0.001037597,0.5531001,-0.8930431,0.001068115,0.4499701,-0.893086,0.00100708,0.4498849,-0.893086,0.00100708,0.4498849,-0.8930431,0.001068115,0.4499701,-0.9707421,0.001098632,0.2401219,-0.9707493,0.001098632,0.2400932,-0.9707421,0.001098632,0.2401219,-0.9905365,0.001129209,0.1372455,-0.8331142,0.001037597,0.5531001,-0.8330767,0.001098632,0.5531566,-0.8930431,0.001068115,0.4499701],"textureCoordinate":[0.73997,0.6532248,0.2648863,0.316267,0.7399669,0.3161386,0.7399669,0.3161386,0.2648078,-0.003721535,0.7398884,-0.003849923,0.7398885,0.9959968,0.2648894,0.6533532,0.73997,0.6532248,0.73997,0.6532248,0.2648894,0.6533532,0.2648863,0.316267,0.7399669,0.3161386,0.2648863,0.316267,0.2648078,-0.003721535,0.7398885,0.9959968,0.2648078,0.9960376,0.2648894,0.6533532]}]}