{"shape3D":{"dbId":1,"internalName":"Scene:Scene","element3Ds":[{"id":"Plane","vertexContainers":[{"key":"1-Plane-Material_001-material","materialId":"Material_001-material","materialName":"Material_001","verticesCount":6,"shapeTransform":{"staticMatrix":{"numbers":[[1.0,0.0,0.0,0.0],[0.0,0.6427876,-0.7660444,0.0],[0.0,0.7660444,0.6427876,0.3865232],[0.0,0.0,0.0,1.0]]},"translateX":0.0,"translateY":0.0,"translateZ":0.0,"rotateX":0.0,"rotateY":0.0,"rotateZ":0.0,"scaleX":0.0,"scaleY":0.0,"scaleZ":0.0},"specular":{"r":0.5,"g":0.5,"b":0.5,"a":1.0},"emission":{"r":0.0,"g":0.0,"b":0.0,"a":1.0},"characterRepresenting":false}]}]},"vertexContainerBuffer":[{"key":"1-Plane-Material_001-material","vertexData":[0.5,-0.5,0.0,-0.5,0.5,0.0,-0.5,-0.5,0.0,0.5,-0.5,0.0,0.5,0.5,0.0,-0.5,0.5,0.0],"normData":[0.0,0.0,1.0,0.0,0.0,1.0,0.0,0.0,1.0,0.0,0.0,1.0,0.0,0.0,1.0,0.0,0.0,1.0],"textureCoordinate":[0.9999001,9.998E-5,9.998E-5,0.9999001,1.0004E-4,9.998E-5,0.9999001,9.998E-5,0.9999001,0.9999001,9.998E-5,0.9999001]}]}