{
  "71-Flanc10" : [ {
    "numbers" : [ [ 7.189289034394537E-17, 0.0, 1.1741, 273.23 ], [ 1.1741, 7.189289034394537E-17, -7.189289034394537E-17, 100.61 ], [ -7.189289034394537E-17, 1.1741, 4.402169902058217E-33, 0.61799 ], [ 0.0, 0.0, 0.0, 1.0 ] ]
  } ],
  "71-Turret01b" : [ {
    "numbers" : [ [ 6.123233995736766E-17, 0.0, 1.0, 273.855 ], [ 1.0, 6.123233995736766E-17, -6.123233995736766E-17, 100.582 ], [ -6.123233995736766E-17, 1.0, 3.749399456654644E-33, 0.506 ], [ 0.0, 0.0, 0.0, 1.0 ] ]
  } ],
  "71-Beam02" : [ {
    "numbers" : [ [ -1.0, 0.0, 1.2246467991473532E-16, 272.673 ], [ 0.0, 1.0, 0.0, 99.582 ], [ -1.2246467991473532E-16, 0.0, -1.0, 1.016 ], [ 0.0, 0.0, 0.0, 1.0 ] ]
  } ]
}