{
  "23-Bumper12" : [ {
    "numbers" : [ [ -1.8369701987210297E-16, 7.498798913309288E-33, 1.0, 272.039 ], [ 1.0, -6.123233995736766E-17, 1.8369701987210297E-16, 100.0 ], [ 6.123233995736766E-17, 1.0, 3.749399456654644E-33, 10.345 ], [ 0.0, 0.0, 0.0, 1.0 ] ]
  } ],
  "21-Turret01" : [ {
    "numbers" : [ [ -1.8369701987210297E-16, 7.498798913309288E-33, 1.0, 269.637 ], [ 1.0, -6.123233995736766E-17, 1.8369701987210297E-16, 100.0 ], [ 6.123233995736766E-17, 1.0, 3.749399456654644E-33, 11.323 ], [ 0.0, 0.0, 0.0, 1.0 ] ]
  } ],
  "21-Cannon00" : [ {
    "numbers" : [ [ -1.1614611475453455E-16, 4.741265588918064E-33, 0.63227, 270.25561 ], [ 0.63227, -3.8715371584844854E-17, 1.1614611475453455E-16, 100.0 ], [ 3.8715371584844854E-17, 0.63227, 2.370632794459032E-33, 11.686 ], [ 0.0, 0.0, 0.0, 1.0 ] ]
  } ],
  "21-Beam05" : [ {
    "numbers" : [ [ -1.2773350233164295E-16, 7.498798913309288E-33, 1.3552, 270.315 ], [ 0.6953488, -6.123233995736766E-17, 2.489462013306739E-16, 100.00000025422 ], [ 4.257783411054765E-17, 1.0, 5.081186143658373E-33, 11.304 ], [ 0.0, 0.0, 0.0, 1.0 ] ]
  } ],
  "21-Cannon01" : [ {
    "numbers" : [ [ -1.8369701987210297E-16, 7.498798913309288E-33, 1.0, 269.685 ], [ 1.0, -6.123233995736766E-17, 1.8369701987210297E-16, 100.0 ], [ 6.123233995736766E-17, 1.0, 3.749399456654644E-33, 11.6842074 ], [ 0.0, 0.0, 0.0, 1.0 ] ]
  } ],
  "21-Beam10" : [ {
    "numbers" : [ [ -1.8369701987210297E-16, 7.498798913309288E-33, 1.0, 269.086 ], [ 1.0, -6.123233995736766E-17, 1.8369701987210297E-16, 100.0 ], [ 6.123233995736766E-17, 1.0, 3.749399456654644E-33, 11.282 ], [ 0.0, 0.0, 0.0, 1.0 ] ]
  } ],
  "21-Flanc10" : [ {
    "numbers" : [ [ -2.1567867103183608E-16, 8.804339804116434E-33, 1.1741, 270.4783 ], [ 1.1741, -7.189289034394537E-17, 2.1567867103183608E-16, 99.39 ], [ 7.189289034394537E-17, 1.1741, 4.402169902058217E-33, 10.61799 ], [ 0.0, 0.0, 0.0, 1.0 ] ]
  }, {
    "numbers" : [ [ -2.1567867103183608E-16, 8.804339804116434E-33, 1.1741, 271.359 ], [ 1.1741, -7.189289034394537E-17, 2.1567867103183608E-16, 99.39 ], [ 7.189289034394537E-17, 1.1741, 4.402169902058217E-33, 10.61799 ], [ 0.0, 0.0, 0.0, 1.0 ] ]
  }, {
    "numbers" : [ [ -2.1567867103183608E-16, 8.804339804116434E-33, 1.1741, 269.23 ], [ 1.1741, -7.189289034394537E-17, 2.1567867103183608E-16, 99.39 ], [ 7.189289034394537E-17, 1.1741, 4.402169902058217E-33, 10.61799 ], [ 0.0, 0.0, 0.0, 1.0 ] ]
  }, {
    "numbers" : [ [ 2.1567867103183608E-16, 8.804339804116434E-33, 1.1741, 270.4783 ], [ -1.1741, -7.189289034394537E-17, 2.1567867103183608E-16, 100.61 ], [ -7.189289034394537E-17, 1.1741, 4.402169902058217E-33, 10.61799 ], [ 0.0, 0.0, 0.0, 1.0 ] ]
  }, {
    "numbers" : [ [ 2.1567867103183608E-16, 8.804339804116434E-33, 1.1741, 271.359 ], [ -1.1741, -7.189289034394537E-17, 2.1567867103183608E-16, 100.61 ], [ -7.189289034394537E-17, 1.1741, 4.402169902058217E-33, 10.61799 ], [ 0.0, 0.0, 0.0, 1.0 ] ]
  }, {
    "numbers" : [ [ 2.1567867103183608E-16, 8.804339804116434E-33, 1.1741, 269.23 ], [ -1.1741, -7.189289034394537E-17, 2.1567867103183608E-16, 100.61 ], [ -7.189289034394537E-17, 1.1741, 4.402169902058217E-33, 10.61799 ], [ 0.0, 0.0, 0.0, 1.0 ] ]
  } ],
  "21-Turret01b" : [ {
    "numbers" : [ [ -1.8369701987210297E-16, 7.498798913309288E-33, 1.0, 269.855 ], [ 1.0, -6.123233995736766E-17, 1.8369701987210297E-16, 99.418 ], [ 6.123233995736766E-17, 1.0, 3.749399456654644E-33, 10.506 ], [ 0.0, 0.0, 0.0, 1.0 ] ]
  }, {
    "numbers" : [ [ -1.8369701987210297E-16, 7.498798913309288E-33, 1.0, 269.855 ], [ 1.0, -6.123233995736766E-17, 1.8369701987210297E-16, 100.582 ], [ 6.123233995736766E-17, 1.0, 3.749399456654644E-33, 10.506 ], [ 0.0, 0.0, 0.0, 1.0 ] ]
  } ],
  "21-ArmoredCabin02" : [ {
    "numbers" : [ [ -2.296212748401287E-16, 0.0015358891379053617, 0.6397592454168876, 271.8629661 ], [ 1.25, -6.095012947765707E-17, 1.175820337425776E-16, 99.99999977647997 ], [ 7.654042494670958E-17, 0.9999988205215824, -9.826004348663343E-4, 10.9711871 ], [ 0.0, 0.0, 0.0, 1.0 ] ]
  }, {
    "numbers" : [ [ -2.296212748401287E-16, -7.498798913309288E-33, 0.63976, 271.863 ], [ 1.25, 6.123233995736766E-17, 1.1752200543337658E-16, 99.99999977648 ], [ 7.654042494670958E-17, -1.0, 2.398715796389375E-33, 10.558 ], [ 0.0, 0.0, 0.0, 1.0 ] ]
  } ],
  "21-Beam02" : [ {
    "numbers" : [ [ 1.0, -2.4492935982947064E-16, 2.2496396739927864E-32, 268.673 ], [ 2.4492935982947064E-16, 1.0, -1.2246467991473532E-16, 99.582 ], [ 7.498798913309288E-33, 1.2246467991473532E-16, 1.0, 11.016 ], [ 0.0, 0.0, 0.0, 1.0 ] ]
  }, {
    "numbers" : [ [ 1.0, -2.4492935982947064E-16, 2.2496396739927864E-32, 268.673 ], [ 2.4492935982947064E-16, 1.0, -1.2246467991473532E-16, 100.418 ], [ 7.498798913309288E-33, 1.2246467991473532E-16, 1.0, 11.016 ], [ 0.0, 0.0, 0.0, 1.0 ] ]
  } ],
  "21-Flanc13" : [ {
    "numbers" : [ [ 0.9999999999999848, 1.3017649159244205E-16, -1.745329252546046E-7, 271.338 ], [ -1.231438664684106E-7, -0.7086478141184652, -0.7055623824617537, 100.0 ], [ -1.2368237606522466E-7, 0.7055623824617645, -0.7086478141184545, 11.056000000000001 ], [ 0.0, 0.0, 0.0, 1.0 ] ]
  } ],
  "21-Turret05" : [ {
    "numbers" : [ [ 6.123233995736765E-17, 7.498798913309288E-33, -1.6281, 271.37 ], [ -1.0, -6.123233995736766E-17, -9.969237268459027E-17, 100.414 ], [ -6.123233995736766E-17, 1.0, 6.104397255379426E-33, 10.911 ], [ 0.0, 0.0, 0.0, 1.0 ] ]
  }, {
    "numbers" : [ [ 6.123233995736765E-17, 7.498798913309288E-33, -1.6281, 269.776 ], [ -1.0, -6.123233995736766E-17, -9.969237268459027E-17, 100.414 ], [ -6.123233995736766E-17, 1.0, 6.104397255379426E-33, 10.911 ], [ 0.0, 0.0, 0.0, 1.0 ] ]
  }, {
    "numbers" : [ [ 6.123233995736765E-17, 7.498798913309288E-33, -1.6281, 271.37 ], [ -1.0, -6.123233995736766E-17, -9.969237268459027E-17, 99.586 ], [ -6.123233995736766E-17, 1.0, 6.104397255379426E-33, 10.911 ], [ 0.0, 0.0, 0.0, 1.0 ] ]
  }, {
    "numbers" : [ [ 6.123233995736765E-17, 7.498798913309288E-33, -1.6281, 269.776 ], [ -1.0, -6.123233995736766E-17, -9.969237268459027E-17, 99.586 ], [ -6.123233995736766E-17, 1.0, 6.104397255379426E-33, 10.911 ], [ 0.0, 0.0, 0.0, 1.0 ] ]
  } ],
  "21-Base02" : [ {
    "numbers" : [ [ 1.1377826016838314E-16, 1.4997597826618576E-32, 0.78859806, 270.8848 ], [ -0.61938, -6.123233995736766E-17, 1.4486311349892185E-16, 100.00000045373 ], [ 3.792608672279438E-17, -1.0, 2.9567691376829063E-33, 10.967 ], [ 0.0, 0.0, 0.0, 1.0 ] ]
  }, {
    "numbers" : [ [ 1.1377826016838314E-16, 1.4997597826618576E-32, 0.78859806, 269.6242 ], [ -0.61938, -6.123233995736766E-17, 1.4486311349892185E-16, 100.00000045373 ], [ 3.792608672279438E-17, -1.0, 2.9567691376829063E-33, 10.967 ], [ 0.0, 0.0, 0.0, 1.0 ] ]
  } ],
  "21-Cabin00" : [ {
    "numbers" : [ [ -2.6044563477466757E-16, 7.498798913309288E-33, 1.0, 269.133 ], [ 1.4178, -6.123233995736766E-17, 1.8369701987210297E-16, 99.9999988046 ], [ 8.681521159155587E-17, 1.0, 3.749399456654644E-33, 10.448 ], [ 0.0, 0.0, 0.0, 1.0 ] ]
  } ]
}