{
  "21-Turret01b" : [ {
    "numbers" : [ [ -1.8369701987210297E-16, 7.498798913309288E-33, 1.0, 273.855 ], [ 1.0, -6.123233995736766E-17, 1.8369701987210297E-16, 99.418 ], [ 6.123233995736766E-17, 1.0, 3.749399456654644E-33, 0.506 ], [ 0.0, 0.0, 0.0, 1.0 ] ]
  } ],
  "21-Flanc10" : [ {
    "numbers" : [ [ -2.1567867103183608E-16, 8.804339804116434E-33, 1.1741, 273.23 ], [ 1.1741, -7.189289034394537E-17, 2.1567867103183608E-16, 99.39 ], [ 7.189289034394537E-17, 1.1741, 4.402169902058217E-33, 0.61799 ], [ 0.0, 0.0, 0.0, 1.0 ] ]
  } ],
  "21-Beam02" : [ {
    "numbers" : [ [ 1.0, -2.4492935982947064E-16, 2.2496396739927864E-32, 272.673 ], [ 2.4492935982947064E-16, 1.0, -1.2246467991473532E-16, 100.418 ], [ 7.498798913309288E-33, 1.2246467991473532E-16, 1.0, 1.016 ], [ 0.0, 0.0, 0.0, 1.0 ] ]
  } ]
}